id, flags, type, happiness, health, youngs, teens, adults, seniors, p_electric, p_heating, p_water, p_worker, p_health, p_service, p_tax, x,y,z
102,Created- Completed- Active,L1_3x2_Shop_10 (BuildingInfo),86,47,0,0,1,0,0,0,0,0,0,0,0,10.6565,221.5469,127.2743
930,Created- Completed- Active,L1 2x2 Shop03 (BuildingInfo),84,39,0,0,1,0,0,0,0,0,0,0,0,130.6565,222.8125,259.2744
994,Created- Completed- Active,H1 4x4 Mediumfactory02 (BuildingInfo),70,44,0,0,0,0,0,0,0,0,0,0,0,170.6565,221.625,675.2744
1311,Created- Completed- Active,L1 3x2 Shop03b (BuildingInfo),59,43,0,0,2,0,0,0,0,0,0,0,0,10.6565,221.5469,311.2744
1473,Created- HighDensity- Completed- Active,H1_3x2_Blockhouse01 (BuildingInfo),30,46,0,1,13,0,0,0,0,0,0,0,0,-29.3435,221.5469,191.2744
1497,Created- Completed- Active,L1 2x2 Shop03 (BuildingInfo),66,44,0,0,2,0,0,0,0,0,0,0,0,10.6565,221.5284,507.2744
1736,Created- HighDensity- Completed- Active,H1_3x3_Blockhouse (BuildingInfo),31,49,0,0,12,0,0,0,0,0,0,0,0,110.6565,222.1874,-12.72565
2042,Created- Completed- Active,4x3_Factory_EU08 (BuildingInfo),58,42,0,0,0,0,0,0,0,0,0,0,0,170.6565,222.0028,523.2744
2046,Created- HighDensity- Completed- Active,H1_4x3_Blockhouse (BuildingInfo),15,37,0,0,15,0,0,0,0,0,0,0,0,10.6565,221.6563,-12.72565
2243,Created- Completed- Active,H1 4x4 Sweatshop02 (BuildingInfo),83,42,0,0,0,0,0,0,0,0,0,0,0,170.6565,222.2528,459.2744
2450,Created- Completed- Abandoned,H1_officebuilding02EU_4x4 (BuildingInfo),0,0,0,0,0,0,0,0,0,230,0,0,0,170.6565,221.5625,755.2744
2867,Created- HighDensity- Completed- Active,H1_4x4_Blockhouse (BuildingInfo),28,46,0,3,16,0,0,0,0,0,0,0,0,-29.3435,221.5313,731.2744
3050,Created- Completed- Active,L1 3x2 Shop05 (BuildingInfo),66,41,0,0,3,0,0,0,0,0,0,0,0,110.6565,222.1874,35.27435
3070,Created- HighDensity- Completed- Abandoned,H1_4x4_CommercialBlockhouse (BuildingInfo),4,46,0,0,1,0,0,0,0,228,0,0,0,122.6565,222.1591,483.2744
3484,Created- Completed- Abandoned,H1_2x2_Officeblock (BuildingInfo),0,0,0,0,0,0,0,0,0,232,0,0,0,66.65651,221.5313,855.6854
3606,Created- Completed- Active,3x3_Factory_EU06 (BuildingInfo),49,40,0,0,0,0,0,0,0,0,0,0,0,170.6565,222.8438,191.2744
3607,Created- HighDensity- Completed- Active,H1_3x3_Blockhouse (BuildingInfo),28,46,0,1,11,0,0,0,0,0,0,0,0,-29.3435,221.5313,543.2744
3871,Created- Completed- Abandoned,H1_officebuilding04EU_4x4 (BuildingInfo),0,0,0,0,0,0,0,0,0,226,0,0,0,52.63969,221.5279,747.1465
3964,Created- Completed- Abandoned,H1_2x4_Officeblock (BuildingInfo),0,0,0,0,0,0,0,0,0,216,0,0,0,122.6565,221.5313,811.2744
4248,Created- HighDensity- Completed- Abandoned,H1_2x3_CommercialBlockhouse (BuildingInfo),4,46,0,0,1,0,0,0,0,228,0,0,0,122.6565,222.4718,395.2304
4726,Created- Completed- Active,L1 4x3 Shop02a (BuildingInfo),51,44,0,0,3,0,0,0,0,0,0,0,0,60.67015,221.5313,339.2197
5045,Created- Completed- Active,L1 2x2 Shop03 (BuildingInfo),88,47,0,0,1,0,0,0,0,0,0,0,0,10.6565,221.5469,211.2744
5256,Created- Completed- Abandoned,H1_3x3_Officeblock (BuildingInfo),0,0,0,0,0,0,0,0,0,227,0,0,0,170.6565,221.5313,855.2744
5333,Created- Completed- Abandoned,H1_2x2_Officeblock (BuildingInfo),0,0,0,0,0,0,0,0,0,212,0,0,0,42.9512,221.5313,851.1311
5395,Created- Completed- Abandoned,L1 2x2 Shop03 (BuildingInfo),40,47,0,0,1,0,0,0,0,0,0,0,0,130.6565,222.4972,27.27435
5427,Created- Completed- Abandoned,H1_3x4_Officeblock (BuildingInfo),0,0,0,0,0,0,0,0,0,223,0,0,0,55.41385,221.5313,599.1718
5554,Created- Completed- Active,L1 3x2 Shop01 (BuildingInfo),85,39,0,0,3,0,0,0,0,0,0,0,0,10.6565,221.5313,831.2744
6113,Created- Completed- Active,L1 3x2 Shop05 (BuildingInfo),72,47,0,0,3,0,0,0,0,0,0,0,0,10.6565,221.5313,647.2744
6126,Created- Completed- Abandoned,H1_3x4_Officeblock (BuildingInfo),0,0,0,0,0,0,0,0,0,230,0,0,0,170.6565,221.5341,783.2744
6474,Created- Completed- Active,Advanced Wind Turbine (BuildingInfo),0,0,0,0,0,0,0,0,0,0,0,0,0,-711.8746,183.8594,412.8642
6810,Created- HighDensity- Completed- Abandoned,H1_2x2_CommercialBlockhouse (BuildingInfo),0,0,0,0,1,0,0,0,0,228,0,0,0,69.83823,221.7175,291.2304
6884,Created- Completed- Active,L1 2x2 Shop03 (BuildingInfo),45,0,0,0,1,0,0,0,0,11,0,0,0,10.6565,221.5313,355.2744
7520,Created- Completed- Active,L1 3x2 Shop01 (BuildingInfo),73,46,0,0,1,0,0,0,0,0,0,0,0,10.65649,221.5313,735.2744
7589,Created- Completed- Active,L1 2x2 Shop03 (BuildingInfo),76,44,0,0,2,0,0,0,0,0,0,0,0,122.6565,222.6065,59.27435
7860,Created- Completed- Active,L1 3x2 Shop05 (BuildingInfo),84,42,0,0,3,0,0,0,0,0,0,0,0,10.6565,221.5313,335.2744
8090,Created- Completed- Active,Advanced Wind Turbine (BuildingInfo),0,0,0,0,0,0,0,0,0,0,0,0,0,-168.223,183.6094,-758.3022
8244,Created- Completed- Active,H1 4x4 Mediumfactory02 (BuildingInfo),83,39,0,0,0,0,0,0,0,0,0,0,0,170.6565,222.3622,427.2744
8498,Created- HighDensity- Completed- Active,H1_3x3_Blockhouse (BuildingInfo),8,32,0,5,5,0,0,0,0,0,0,0,0,-29.3435,221.5313,519.2744
8561,Created- Completed- Active,L1 3x2 Shop03b (BuildingInfo),82,38,0,0,3,0,0,0,0,0,0,0,0,10.6565,221.5313,695.2744
8567,Created- HighDensity- Completed- Abandoned,H1_3x2_CommercialBlockhouse (BuildingInfo),3,42,0,0,1,0,0,0,0,240,0,0,0,89.83823,221.9434,299.2304
9030,Created- Completed- Abandoned,H1_4x3_officeblock (BuildingInfo),0,0,0,0,0,0,0,0,0,229,0,0,0,90.65651,221.5313,847.6854
9077,Created- Completed- Active,L1 2x3 Shop11 (BuildingInfo),75,46,0,0,4,0,0,0,0,0,0,0,0,60.67015,221.5313,363.2197
9242,Created- Completed- Abandoned,H1_2x2_Officeblock (BuildingInfo),0,0,0,0,0,0,0,0,0,205,0,0,0,55.41385,221.5313,675.1718
9264,Created- FixedHeight- Completed- Active,Water Intake (BuildingInfo),0,0,0,0,0,0,0,0,0,0,0,0,0,-686.5557,189.3863,460.2924
9797,Created- Completed- Active,L1 3x3 Shop16 (BuildingInfo),40,44,0,0,4,0,0,0,0,0,0,0,0,122.6565,222.669,79.27435
10246,Created- HighDensity- Completed- Active,H1_4x4_Blockhouse (BuildingInfo),28,46,0,0,14,0,0,0,0,0,0,0,0,-29.3435,221.5625,107.2744
10349,Created- Completed- Active,L1 2x2 Shop03 (BuildingInfo),75,45,0,0,3,0,0,0,0,0,0,0,0,10.6565,221.6563,35.27435
10456,Created- Completed- Active,3x3_Factory_EU09 (BuildingInfo),81,43,0,0,0,0,0,0,0,0,0,0,0,170.6565,221.8906,575.1824
10491,Created- Completed- Active,L1 4x3 Shop03b 1a (BuildingInfo),41,43,0,0,4,0,0,0,0,0,0,0,0,63.1523,221.5313,227.2424
10821,Created- HighDensity- Completed- Abandoned,H1_3x2_CommercialBlockhouse01 (BuildingInfo),4,46,0,0,1,0,0,0,0,225,0,0,0,122.6565,221.9872,527.2744
10822,Created- Completed- Abandoned,H1_officebuilding02EU_4x4 (BuildingInfo),0,0,0,0,0,0,0,0,0,230,0,0,0,52.6397,221.5313,779.1465
10900,Created- Completed- Abandoned,H1_3x4_Officeblock (BuildingInfo),0,0,0,0,0,0,0,0,0,221,0,0,0,55.41385,221.5313,655.1718
11086,Created- HighDensity- Completed- Active,H1_3x3_Blockhouse (BuildingInfo),21,45,0,2,10,0,0,0,0,0,0,0,0,-29.3435,221.5156,399.2744
11488,Created- Completed- Active,3x3_Factory_EU06 (BuildingInfo),74,41,0,0,0,0,0,0,0,0,0,0,0,170.6565,221.7532,623.1824
11658,Created- Completed- Active,L1_3x2_Shop_10 (BuildingInfo),86,44,0,0,1,0,0,0,0,0,0,0,0,10.6565,221.5469,255.2744
12196,Created- Completed- Active,L1 2x2 Shop03 (BuildingInfo),85,48,0,0,1,0,0,0,0,0,0,0,0,109.8382,222.2859,259.2304
12241,Created- HighDensity- Completed- Abandoned,H1_4x3_CommercialBlockhouse (BuildingInfo),0,0,0,0,1,0,0,0,0,224,0,0,0,57.896,221.5313,459.1944
12993,Created- Completed- Abandoned,H1_3x4_Officeblock (BuildingInfo),0,0,0,0,0,0,0,0,0,224,0,0,0,170.6565,221.5938,703.2744
13276,Created- Completed- Active,4x4_Factory_EU02 (BuildingInfo),53,41,0,0,0,0,0,0,0,0,0,0,0,170.6565,222.5186,383.2304
13407,Created- Completed- Active,L1 3x2 Shop01 (BuildingInfo),85,44,0,0,1,0,0,0,0,0,0,0,0,10.6565,221.5469,151.2744
13795,Created- Completed- Active,H1 4x3 BigFactory06 (BuildingInfo),78,42,0,0,0,0,0,0,0,0,0,0,0,170.6565,222.6094,355.2304
14420,Created- Completed- Abandoned,H1_2x2_Officeblock (BuildingInfo),0,0,0,0,0,0,0,0,0,232,0,0,0,114.6565,221.5313,855.7205
14809,Created- Completed- Abandoned,H1_2x2_Officeblock (BuildingInfo),0,0,0,0,0,0,0,0,0,217,0,0,0,130.6565,221.8782,579.1824
14979,Created- Completed- Abandoned,H1_3x4_Officeblock (BuildingInfo),0,0,0,0,0,0,0,0,0,222,0,0,0,170.6565,221.5313,807.2744
15300,Created- HighDensity- Completed- Active,H1_4x4_Blockhouse (BuildingInfo),13,33,0,10,17,0,0,0,0,0,0,0,0,-29.3435,221.5313,699.2744
15680,Created- HighDensity- Completed- Abandoned,H1_4x3_CommercialBlockhouse (BuildingInfo),2,32,0,0,1,0,0,0,0,222,0,0,0,57.896,221.5313,491.1944
15798,Created- Completed- Abandoned,H1_4x3_officeblock (BuildingInfo),0,0,0,0,0,0,0,0,0,226,0,0,0,88.58192,221.5491,587.1824
16245,Created- Completed- Abandoned,H1_4x3_officeblock (BuildingInfo),0,0,0,0,0,0,0,0,0,218,0,0,0,55.41385,221.5313,627.1718
16426,Created- Completed- Abandoned,H1_2x2_Officeblock (BuildingInfo),0,0,0,0,0,0,0,0,0,209,0,0,0,112.5819,221.7077,579.1824
17008,Created- HighDensity- Completed- Abandoned,H1_2x2_CommercialBlockhouse (BuildingInfo),4,47,0,0,1,0,0,0,0,241,0,0,0,109.8382,222.2859,291.2304
17233,Created- Completed- Active,H1 4x4 Bigfactory01 (BuildingInfo),50,43,0,0,0,0,0,0,0,0,0,0,0,170.6565,222.1406,491.2744
17628,Created- Completed- Active,4x3_Factory_EU08 (BuildingInfo),80,41,0,0,0,0,0,0,0,0,0,0,0,170.6565,222.75,131.2744
18039,Created- HighDensity- Completed- Active,H1_3x2_Blockhouse (BuildingInfo),24,48,0,0,12,0,0,0,0,0,0,0,0,-29.3435,221.6563,23.27435
18160,Created- HighDensity- Completed- Abandoned,H1_3x4_CommercialBlockhouse (BuildingInfo),3,44,0,0,1,0,0,0,0,225,0,0,0,122.6565,222.3153,439.2744
18226,Created- HighDensity- Completed- Abandoned,H1_2x4_CommercialBlockhouse (BuildingInfo),4,45,0,0,1,0,0,0,0,224,0,0,0,122.6565,222.2528,459.2744
18750,Created- Completed- Abandoned,H1_officebuilding02EU_4x4 (BuildingInfo),0,0,0,0,0,0,0,0,0,232,0,0,0,90.65651,221.5313,895.6854
18894,Created- Completed- Abandoned,H1_3x3_Officeblock (BuildingInfo),0,0,0,0,0,0,0,0,0,219,0,0,0,122.6565,221.6751,655.1824
18980,Created- Completed- Active,L1 3x3 Shop07 (BuildingInfo),57,41,0,0,2,0,0,0,0,0,0,0,0,14.6565,221.5313,487.2744
19128,Created- HighDensity- Completed- Abandoned,H1_3x4_CommercialBlockhouse (BuildingInfo),4,46,0,0,1,0,0,0,0,218,0,0,0,57.89599,221.5313,519.1944
19533,Created- HighDensity- Completed- Active,H1_4x4_Blockhouse (BuildingInfo),14,35,0,0,17,0,0,0,0,0,0,0,0,-29.3435,221.5313,635.2744
20287,Created- HighDensity- Completed- Abandoned,H1_3x2_CommercialBlockhouse01 (BuildingInfo),0,0,0,0,1,0,0,0,0,217,0,0,0,92.58192,221.5648,539.1824
20366,Created- HighDensity- Completed- Active,H1_4x4_Blockhouse (BuildingInfo),15,37,0,3,12,0,0,0,0,0,0,0,0,66.6565,221.8124,-12.72565
20458,Created- FixedHeight- Completed- Active,Water Outlet (BuildingInfo),0,0,0,0,0,0,0,0,0,0,0,0,0,-112.169,190.5541,-758.5193
20505,Created- HighDensity- Completed- Active,H1_4x4_Blockhouse (BuildingInfo),13,33,0,11,18,0,0,0,0,0,0,0,0,-29.3435,221.5469,307.2744
20964,Created- Completed- Active,cargoyard (BuildingInfo),80,41,0,0,0,0,0,0,0,0,0,0,0,170.6565,222.5753,51.27435
21091,Created- Completed- Abandoned,H1 4x4 Sweatshop02 (BuildingInfo),29,45,0,0,0,0,0,0,0,0,0,0,0,170.6565,222.7969,163.2744
21430,Created- Completed- Active,L1 4x3 Shop13 (BuildingInfo),74,45,0,0,3,0,0,0,0,0,0,0,0,63.1523,221.5445,171.2424
21662,Created- Completed- Abandoned,H1_officebuilding02EU_4x4 (BuildingInfo),0,0,0,0,0,0,0,0,0,223,0,0,0,122.6565,221.8125,603.1824
22111,Created- HighDensity- Completed- Active,H1_4x3_Blockhouse (BuildingInfo),9,35,0,0,4,0,0,0,0,0,0,0,0,-29.3435,221.5313,371.2744
22115,Created- HighDensity- Completed- Abandoned,H1_2x2_CommercialBlockhouse (BuildingInfo),0,0,0,0,1,0,0,0,0,231,0,0,0,130.6565,222.7969,291.2304
22592,Created- Completed- Active,L1 3x2 Shop01 (BuildingInfo),68,43,0,0,2,0,0,0,0,0,0,0,0,122.6565,222.7472,127.2744
22769,Created- Completed- Abandoned,H1_3x3_Officeblock (BuildingInfo),0,0,0,0,0,0,0,0,0,211,0,0,0,122.6565,221.7376,631.1824
22986,Created- Completed- Abandoned,H1_2x2_Officeblock (BuildingInfo),0,0,0,0,0,0,0,0,0,219,0,0,0,47.41385,221.5313,579.1718
23754,Created- Completed- Active,L1 3x2 Shop05 (BuildingInfo),71,38,0,0,2,0,0,0,0,0,0,0,0,26.6565,221.6278,47.27435
24344,Created- Completed- Active,L1 4x3 Shop06a (BuildingInfo),70,40,0,0,5,0,0,0,0,0,0,0,0,122.6565,222.8409,187.2744
24752,Created- HighDensity- Completed- Active,H1_4x4_Blockhouse (BuildingInfo),28,46,0,0,16,0,0,0,0,0,0,0,0,-29.3435,221.5313,667.2744
24836,Created- Completed- Abandoned,H1_3x3_Officeblock (BuildingInfo),0,0,0,0,0,0,0,0,0,225,0,0,0,122.6565,221.5313,791.2744
25133,Created- Completed- Active,L1 4x3 Shop02a (BuildingInfo),74,44,0,0,5,0,0,0,0,0,0,0,0,64.9044,221.5781,75.25836
25897,Created- Completed- Active,L1 2x2 Shop03 (BuildingInfo),85,48,0,0,2,0,0,0,0,0,0,0,0,52.67015,221.5313,291.2197
25920,Created- HighDensity- Completed- Active,H1_4x3_Blockhouse (BuildingInfo),14,45,0,0,2,0,0,0,0,0,0,0,0,-29.3435,221.5469,219.2744
25969,Created- Completed- Active,L1 2x2 Shop03 (BuildingInfo),68,47,0,0,2,0,0,0,0,0,0,0,0,10.6565,221.5313,627.2744
26050,Created- Completed- Abandoned,H1_3x4_Officeblock (BuildingInfo),0,0,0,0,0,0,0,0,0,222,0,0,0,170.6565,221.5781,727.2744
26364,Created- Completed- Active,L1 3x2 Shop05 (BuildingInfo),61,46,0,0,3,0,0,0,0,0,0,0,0,10.6565,221.5313,759.2744
26418,Created- Completed- Active,L1 2x2 Shop03 (BuildingInfo),77,36,0,0,3,0,0,0,0,0,0,0,0,93.83823,221.9903,251.2304
26438,Created- Completed- Active,L1 2x2 Shop03 (BuildingInfo),87,45,0,0,1,0,0,0,0,0,0,0,0,10.6565,221.5313,523.2744
27093,Created- HighDensity- Completed- Abandoned,H1_3x2_CommercialBlockhouse (BuildingInfo),4,47,0,0,1,0,0,0,0,233,0,0,0,122.6565,222.5499,375.2304
27161,Created- HighDensity- Completed- Active,H1_4x4_Blockhouse (BuildingInfo),15,37,0,0,14,0,0,0,0,0,0,0,0,-29.3435,221.5469,275.2744
27448,Created- Completed- Active,4x4_Factory_EU02 (BuildingInfo),79,45,0,0,0,0,0,0,0,0,0,0,0,170.6565,221.8935,551.2744
27610,Created- Completed- Active,L1 3x2 Shop01 (BuildingInfo),87,44,0,0,3,0,0,0,0,0,0,0,0,10.6565,221.5625,103.2744
28291,Created- Completed- Active,L1 3x2 Shop01 (BuildingInfo),68,36,0,0,4,0,0,0,0,0,0,0,0,60.67015,221.5313,383.2197
28302,Created- HighDensity- Completed- Active,H1_2x3_Blockhouse (BuildingInfo),24,49,0,0,8,0,0,0,0,0,0,0,0,90.6565,222.0676,-12.72565
28960,Created- Completed- Active- ZonesUpdated,Solar Power Plant (BuildingInfo),0,0,0,0,0,0,0,0,0,0,0,0,0,202.6565,222.7999,287.2304
29428,Created- Completed- Active,H1 4x4 Mediumfactory03 (BuildingInfo),50,41,0,0,0,0,0,0,0,0,0,0,0,170.6565,222.8438,219.2744
29808,Created- HighDensity- Completed- Active,H1_3x2_Blockhouse01 (BuildingInfo),8,29,0,6,8,0,0,0,0,0,0,0,0,-29.3435,221.5313,823.2744
30834,Created- HighDensity- Completed- Abandoned,H1_2x2_CommercialBlockhouse (BuildingInfo),4,46,0,0,1,0,0,0,0,221,0,0,0,112.5819,221.7077,547.1824
31623,Created- Completed- Active,L1_3x2_Shop_10 (BuildingInfo),70,33,0,0,2,0,0,0,0,0,0,0,0,10.6565,221.5156,399.2744
31758,Created- HighDensity- Completed- Active,H1_4x3_Blockhouse (BuildingInfo),34,46,0,1,17,0,0,0,0,0,0,0,0,-29.3435,221.5313,491.2744
32199,Created- HighDensity- Completed- Active,H1_4x4_Blockhouse (BuildingInfo),15,47,0,0,4,0,0,0,0,0,0,0,0,-29.3435,221.5185,459.2744
32258,Created- Completed- Active,H1 3x3 Sweatshop04 (BuildingInfo),71,44,0,0,0,0,0,0,0,0,0,0,0,170.6565,222.4844,23.27435
32300,Created- HighDensity- Completed- Abandoned,H1_2x2_CommercialBlockhouse (BuildingInfo),0,0,0,0,1,0,0,0,0,223,0,0,0,72.58192,221.5469,543.1824
32524,Created- HighDensity- Completed- Abandoned,H1_3x4_CommercialBlockhouse (BuildingInfo),3,43,0,0,1,0,0,0,0,229,0,0,0,122.6565,222.4091,415.2744
33197,Created- Completed- Active,L1 4x3 Shop03b 1a (BuildingInfo),68,43,0,0,3,0,0,0,0,0,0,0,0,64.9044,221.5341,107.2584
33719,Created- Completed- Active,L1 2x2 Shop02 (BuildingInfo),84,42,0,0,2,0,0,0,0,0,0,0,0,77.83823,221.8028,255.2304
34301,Created- HighDensity- Completed- Abandoned,H1_3x2_CommercialBlockhouse (BuildingInfo),0,0,0,0,1,0,0,0,0,220,0,0,0,59.6481,221.5282,407.2104
34499,Created- Completed- Abandoned,H1_2x2_Officeblock (BuildingInfo),0,0,0,0,0,0,0,0,0,236,0,0,0,50.9512,221.5313,835.1311
34678,Created- Completed- Active,L1 3x2 Shop03b (BuildingInfo),70,43,0,0,1,0,0,0,0,0,0,0,0,54.24907,221.5313,255.5661
34815,Created- Completed- Abandoned,H1_2x4_Officeblock (BuildingInfo),0,0,0,0,0,0,0,0,0,226,0,0,0,138.6565,221.5313,895.7205
34860,Created- Completed- Active,L1 2x2 Shop03 (BuildingInfo),84,43,0,0,1,0,0,0,0,0,0,0,0,10.6565,221.5313,539.2744
34879,Created- HighDensity- Completed- Active,H1_3x2_Blockhouse01 (BuildingInfo),30,48,0,0,10,0,0,0,0,0,0,0,0,38.6565,221.6719,-12.72565
34949,Created- Completed- Active,H1 3x3 Sweatshop07 (BuildingInfo),49,38,0,0,0,0,0,0,0,0,0,0,0,170.6565,222.669,79.27435
35898,Created- HighDensity- Completed- Active,H1_4x4_Blockhouse (BuildingInfo),27,45,0,0,18,0,0,0,0,0,0,0,0,-29.3435,221.5313,603.2744
35904,Created- Completed- Active,L1 3x2 Shop05 (BuildingInfo),60,43,0,0,3,0,0,0,0,0,0,0,0,10.6565,221.5313,807.2744
35960,Created- Completed- Abandoned,H1_officebuilding04EU_4x4 (BuildingInfo),0,0,0,0,0,0,0,0,0,230,0,0,0,122.6565,221.5653,739.2744
36207,Created- Completed- Abandoned,H1_4x3_officeblock (BuildingInfo),0,0,0,0,0,0,0,0,0,236,0,0,0,58.65651,221.5313,895.6854
36791,Created- HighDensity- Completed- Active,H1_3x2_Blockhouse (BuildingInfo),14,46,0,0,8,0,0,0,0,0,0,0,0,-29.3435,221.5469,135.2744
37185,Created- HighDensity- Completed- Active,H1_4x3_Blockhouse (BuildingInfo),13,33,0,9,20,0,0,0,0,0,0,0,0,-29.34349,221.5313,763.2744
37226,Created- Completed- Active,L1 2x2 Shop03 (BuildingInfo),88,44,0,0,2,0,0,0,0,0,0,0,0,26.6565,221.6719,27.27435
37584,Created- HighDensity- Completed- Abandoned,H1_2x2_CommercialBlockhouse (BuildingInfo),0,0,0,0,1,0,0,0,0,226,0,0,0,130.6565,221.9091,547.2744
37646,Created- Completed- Active,L1_3x2_Shop_10 (BuildingInfo),32,43,0,0,5,0,0,0,0,0,0,0,0,60.67015,221.5313,311.2197
37689,Created- Completed- Active,L1 3x2 Shop05 (BuildingInfo),27,42,0,0,1,0,0,0,0,0,0,0,0,10.65649,221.5313,375.2744
38039,Created- HighDensity- Completed- Abandoned,H1_4x3_CommercialBlockhouse (BuildingInfo),0,0,0,0,1,0,0,0,0,239,0,0,0,122.6565,222.6905,315.2304
38330,Created- Completed- Active,L1_3x2_Shop_10 (BuildingInfo),85,40,0,0,2,0,0,0,0,0,0,0,0,86.6565,222.0364,27.27435
38545,Created- Completed- Active,L1 3x3 Shop15 (BuildingInfo),25,42,0,0,3,0,0,0,0,0,0,0,0,122.6565,222.8281,239.2744
38745,Created- Completed- Abandoned,H1_3x4_Officeblock (BuildingInfo),0,0,0,0,0,0,0,0,0,221,0,0,0,122.6565,221.5313,831.2744
39032,Created- HighDensity- Completed- Active,H1_4x4_Blockhouse (BuildingInfo),29,46,0,0,12,0,0,0,0,0,0,0,0,-29.3435,221.5781,75.27435
39267,Created- Completed- Active,L1 2x2 Shop02 (BuildingInfo),86,45,0,0,2,0,0,0,0,0,0,0,0,62.6565,221.6719,27.27435
39447,Created- Completed- Active,L1 3x2 Shop03b (BuildingInfo),81,45,0,0,2,0,0,0,0,0,0,0,0,10.6565,221.5469,191.2744
39899,Created- Completed- Abandoned,H1_4x3_officeblock (BuildingInfo),0,0,0,0,0,0,0,0,0,235,0,0,0,52.63969,221.5313,811.1465
40142,Created- HighDensity- Completed- Active,H1_4x4_Blockhouse (BuildingInfo),27,45,0,0,11,0,0,0,0,0,0,0,0,-29.3435,221.5469,163.2744
40296,Created- HighDensity- Completed- Active,H1_3x2_Blockhouse01 (BuildingInfo),30,48,0,0,11,0,0,0,0,0,0,0,0,134.6565,222.4739,-12.72565
40299,Created- Completed- Abandoned,H1_3x3_Officeblock (BuildingInfo),0,0,0,0,0,0,0,0,0,230,0,0,0,118.6565,221.5313,895.7205
40441,Created- Completed- Active,L1 3x2 Shop05 (BuildingInfo),83,44,0,0,2,0,0,0,0,0,0,0,0,10.6565,221.5313,783.2744
40455,Created- HighDensity- Completed- Abandoned,H1_3x2_CommercialBlockhouse01 (BuildingInfo),0,0,0,0,1,0,0,0,0,228,0,0,0,59.6481,221.5282,431.2104
40505,Created- Completed- Active,L1 3x3 Shop07 (BuildingInfo),72,43,0,0,5,0,0,0,0,0,0,0,0,66.65649,221.6278,47.27435
40689,Created- Completed- Active,4x4_Factory_EU02 (BuildingInfo),72,46,0,0,0,0,0,0,0,0,0,0,0,170.6565,222.7188,103.2744
40728,Created- Completed- Active,L1 4x3 Shop02a (BuildingInfo),69,42,0,0,3,0,0,0,0,0,0,0,0,64.9044,221.5313,139.2584
40858,Created- Completed- Active,L1 4x3 Shop02a (BuildingInfo),72,41,0,0,5,0,0,0,0,0,0,0,0,122.6565,222.794,155.2744
41297,Created- Completed- Active,L1 3x4 Shop05 (BuildingInfo),67,40,0,0,2,0,0,0,0,0,0,0,0,122.6565,222.8438,215.2744
41350,Created- Completed- Active,4x4_Factory_EU02 (BuildingInfo),50,45,0,0,0,0,0,0,0,0,0,0,0,170.6565,221.6907,647.1824
41361,Created- Completed- Active,L1 2x2 Shop03 (BuildingInfo),84,39,0,0,1,0,0,0,0,0,0,0,0,10.6565,221.5469,291.2744
41530,Created- Completed- Abandoned,H1_2x2_Officeblock (BuildingInfo),0,0,0,0,0,0,0,0,0,225,0,0,0,130.6565,221.5313,851.2744
42023,Created- HighDensity- Completed- Active,H1_3x2_Blockhouse (BuildingInfo),22,46,0,0,12,0,0,0,0,0,0,0,0,-29.3435,221.625,47.27435
42103,Created- Completed- Active,L1 2x2 Shop03 (BuildingInfo),60,37,0,0,2,0,0,0,0,0,0,0,0,10.6565,221.5469,171.2744
42141,Created- Completed- Active,L1 3x2 Shop01 (BuildingInfo),85,41,0,0,3,0,0,0,0,0,0,0,0,10.6565,221.5313,607.2744
42317,Created- HighDensity- Completed- Abandoned,H1_2x4_CommercialBlockhouse (BuildingInfo),0,0,0,0,1,0,0,0,0,222,0,0,0,122.6565,222.0682,507.2744
42767,Created- Completed- Abandoned,H1_3x3_Officeblock (BuildingInfo),0,0,0,0,0,0,0,0,0,232,0,0,0,170.6565,221.5313,831.2744
43098,Created- Completed- Active,L1 4x3 Shop06a (BuildingInfo),69,44,0,0,4,0,0,0,0,0,0,0,0,14.6565,221.5185,459.2744
43366,Created- Completed- Abandoned,H1_3x4_Officeblock (BuildingInfo),0,0,0,0,0,0,0,0,0,226,0,0,0,122.6565,221.5938,711.2744
43446,Created- Completed- Active,L1_3x2_Shop_10 (BuildingInfo),47,40,0,0,2,0,0,0,0,0,0,0,0,122.6565,222.7188,103.2744
43447,Created- Completed- Active,L1 2x2 Shop03 (BuildingInfo),86,41,0,0,2,0,0,0,0,0,0,0,0,10.6565,221.5781,83.27435
43475,Created- Completed- Active,L1 3x2 Shop03b (BuildingInfo),59,42,0,0,3,0,0,0,0,0,0,0,0,10.6565,221.5313,583.2744
43674,Created- Completed- Active,L1 2x2 Shop03 (BuildingInfo),42,47,0,0,1,0,0,0,0,0,0,0,0,10.6565,221.5284,435.2744
43679,Created- Completed- Active,L1 3x2 Shop01 (BuildingInfo),72,42,0,0,2,0,0,0,0,0,0,0,0,10.6565,221.5966,63.27435
43857,Created- Completed- Active,L1 2x2 Shop03 (BuildingInfo),82,31,0,0,1,0,0,0,0,0,0,0,0,10.6565,221.5185,419.2744
43882,Created- Completed- Active,3x3_Factory_EU09 (BuildingInfo),81,44,0,0,0,0,0,0,0,0,0,0,0,170.6565,221.8157,599.1824
44405,Created- HighDensity- Completed- Active,H1_4x3_Blockhouse (BuildingInfo),21,46,0,0,15,0,0,0,0,0,0,0,0,-29.3435,221.5313,571.2744
45423,Created- Completed- Active,H1 2x2 Sweatshop05 (BuildingInfo),88,40,0,0,0,0,0,0,0,0,0,0,0,170.6565,222.456,403.2744
46087,Created- Completed- Abandoned,H1_officebuilding02EU_4x4 (BuildingInfo),0,0,0,0,0,0,0,0,0,226,0,0,0,122.6565,221.6094,683.1824
46098,Created- Completed- Active,L1 2x2 Shop03 (BuildingInfo),87,36,0,0,1,0,0,0,0,0,0,0,0,10.6565,221.5313,851.2744
46210,Created- Completed- Abandoned,H1_3x4_Officeblock (BuildingInfo),0,0,0,0,0,0,0,0,0,225,0,0,0,122.6565,221.5469,767.2744
46466,Created- HighDensity- Completed- Active,H1_4x3_Blockhouse (BuildingInfo),18,42,0,0,15,0,0,0,0,0,0,0,0,-29.3435,221.5185,427.2744
46520,Created- Completed- Active,L1 3x2 Shop01 (BuildingInfo),86,41,0,0,1,0,0,0,0,0,0,0,0,10.6565,221.5313,671.2744
47025,Created- Completed- Active,L1 3x2 Shop05 (BuildingInfo),45,40,0,0,3,0,0,0,0,0,0,0,0,63.1523,221.5469,199.2424
47075,Created- HighDensity- Completed- Active,H1_4x3_Blockhouse (BuildingInfo),22,46,0,0,15,0,0,0,0,0,0,0,0,-29.3435,221.5313,795.2744
47149,Created- Completed- Active,L1 3x2 Shop05 (BuildingInfo),71,40,0,0,3,0,0,0,0,0,0,0,0,10.6565,221.5313,559.2744
47229,Created- Completed- Active,L1 2x2 Shop03 (BuildingInfo),87,46,0,0,1,0,0,0,0,0,0,0,0,10.6565,221.5469,275.2744
47382,Created- Completed- Active,L1 3x2 Shop01 (BuildingInfo),71,38,0,0,2,0,0,0,0,0,0,0,0,10.6565,221.5469,231.2744
47796,Created- HighDensity- Completed- Active,H1_3x2_Blockhouse01 (BuildingInfo),28,47,0,0,10,0,0,0,0,0,0,0,0,-29.3435,221.5313,847.2744
47947,Created- HighDensity- Completed- Active,H1_4x3_Blockhouse (BuildingInfo),15,36,0,0,15,0,0,0,0,0,0,0,0,-29.34349,221.5313,339.2744
47952,Created- HighDensity- Completed- Abandoned,H1_4x4_CommercialBlockhouse (BuildingInfo),2,35,0,0,1,0,0,0,0,236,0,0,0,122.6565,222.625,347.2304
48192,Created- Completed- Active,L1 2x2 Shop03 (BuildingInfo),87,46,0,0,1,0,0,0,0,0,0,0,0,10.6565,221.5313,715.2744
48433,Created- Completed- Active,L1 2x2 Shop03 (BuildingInfo),40,44,0,0,2,0,0,0,0,0,0,0,0,130.6565,222.544,43.27436
48750,Created- Completed- Abandoned,H1_2x2_Officeblock (BuildingInfo),0,0,0,0,0,0,0,0,0,221,0,0,0,64.58192,221.5313,579.1824
48756,Created- HighDensity- Completed- Active,H1_3x3_Blockhouse (BuildingInfo),28,46,0,0,12,0,0,0,0,0,0,0,0,-29.3435,221.5469,247.2744
